INSERT INTO games (id, winner, host, date, rating_game)
VALUES (10, 'МАФИЯ', 'Остин', '2020 APRIL 10', true),
       (11, 'ГОРОД', 'Остин', '2020 APRIL 10', true),
       (12, 'ГОРОД', 'Modny', '2020 APRIL 10', true),
       (13, 'МАФИЯ', 'Vamos', '2020 APRIL 10', true),
       (14, 'ГОРОД', 'Modny', '2020 APRIL 11', true),
       (15, 'МАФИЯ', 'Остин', '2020 APRIL 11', true),
       (16, 'МАФИЯ', 'Modny', '2020 APRIL 11', false),
       (17, 'ГОРОД', 'Seezov', '2020 APRIL 11', true),
       (18, 'ГОРОД', 'Modny', '2020 APRIL 12', true),
       (19, 'ГОРОД', 'Seezov', '2020 APRIL 12', true);

INSERT INTO players_in_game (game_id, player_place, player_name, role, additional_points, lx_points)
VALUES (10, 1, 'Галушка', 'МИРНЫЙ', 0.0, 0.0),
       (10, 2, 'Vamos', 'МИРНЫЙ', 0.0, 0.0),
       (10, 3, 'Braun', 'МАФИЯ', 0.3, 0.0),
       (10, 4, 'Apache', 'МИРНЫЙ', 0.0, 0.0),
       (10, 5, 'Floppy', 'МАФИЯ', 0.2, 0.0),
       (10, 6, 'Panda', 'МИРНЫЙ', 0.0, 0.0),
       (10, 7, 'Rihter', 'ДОН', 0.0, 0.0),
       (10, 8, 'Китана', 'МИРНЫЙ', 0.0, 0.0),
       (10, 9, 'Луиза', 'ШЕРИФ', 0.0, 0.0),
       (10, 10, 'Seezov', 'МИРНЫЙ', 0.0, 0.0),
       (11, 1, 'Китана', 'МАФИЯ', 0.0, 0.0),
       (11, 2, 'Vamos', 'МИРНЫЙ', 0.0, 0.0),
       (11, 3, 'Braun', 'МИРНЫЙ', 0.3, 0.0),
       (11, 4, 'Луиза', 'МИРНЫЙ', 0.0, 0.0),
       (11, 5, 'Floppy', 'МАФИЯ', 0.0, 0.0),
       (11, 6, 'Panda', 'МИРНЫЙ', 0.0, 0.0),
       (11, 7, 'Seezov', 'ШЕРИФ', 0.2, 0.25),
       (11, 8, 'Галушка', 'МИРНЫЙ', 0.0, 0.0),
       (11, 9, 'Apache', 'ДОН', 0.0, 0.0),
       (11, 10, 'Rihter', 'МИРНЫЙ', 0.2, 0.0),
       (12, 1, 'Китана', 'МАФИЯ', 0.0, 0.0),
       (12, 2, 'Остин', 'МИРНЫЙ', 0.3, 0.0),
       (12, 3, 'Braun', 'МИРНЫЙ', 0.3, 0.0),
       (12, 4, 'Луиза', 'МИРНЫЙ', 0.0, 0.0),
       (12, 5, 'Floppy', 'МАФИЯ', 0.0, 0.0),
       (12, 6, 'Rihter', 'МИРНЫЙ', 0.0, 0.0),
       (12, 7, 'Seezov', 'МИРНЫЙ', 0.2, 0.0),
       (12, 8, 'Panda', 'МИРНЫЙ', 0.0, 0.0),
       (12, 9, 'Apache', 'ШЕРИФ', 0.0, 0.4),
       (12, 10, 'Галушка', 'ДОН', 0.0, 0.0),
       (13, 1, 'Китана', 'МИРНЫЙ', 0.0, 0.0),
       (13, 2, 'Остин', 'ШЕРИФ', 0.0, 0.0),
       (13, 3, 'Рауль', 'МИРНЫЙ', 0.0, 0.0),
       (13, 4, 'Луиза', 'МИРНЫЙ', 0.0, 0.0),
       (13, 5, 'Галушка', 'МИРНЫЙ', 0.0, 0.0),
       (13, 6, 'Rihter', 'МАФИЯ', 0.2, 0.0),
       (13, 7, 'Modny', 'МАФИЯ', 0.2, 0.0),
       (13, 8, 'Seezov', 'ДОН', 0.2, 0.0),
       (13, 9, 'Apache', 'МИРНЫЙ', 0.0, 0.0),
       (13, 10, 'Panda', 'МИРНЫЙ', 0.0, 0.0),
       (14, 1, 'Vamos', 'МИРНЫЙ', 0.0, 0.25),
       (14, 2, 'Рауль', 'ШЕРИФ', 0.3, 0.0),
       (14, 3, 'Луиза', 'МАФИЯ', 0.0, 0.0),
       (14, 4, 'Panda', 'МИРНЫЙ', 0.0, 0.0),
       (14, 5, 'Seezov', 'МИРНЫЙ', 0.0, 0.0),
       (14, 6, 'Floppy', 'МИРНЫЙ', 0.2, 0.0),
       (14, 7, 'Китана', 'МАФИЯ', 0.0, 0.0),
       (14, 8, 'Rihter', 'МИРНЫЙ', 0.2, 0.0),
       (14, 9, 'Apache', 'МИРНЫЙ', 0.2, 0.0),
       (14, 10, 'Галушка', 'ДОН', 0.0, 0.0),
       (15, 1, 'Китана', 'МИРНЫЙ', 0.0, 0.4),
       (15, 2, 'Китобой', 'ШЕРИФ', 0.0, 0.0),
       (15, 3, 'Рауль', 'МИРНЫЙ', 0.0, 0.0),
       (15, 4, 'Луиза', 'МИРНЫЙ', 0.0, 0.0),
       (15, 5, 'Галушка', 'МИРНЫЙ', 0.0, 0.0),
       (15, 6, 'Rihter', 'МАФИЯ', 0.2, 0.0),
       (15, 7, 'Modny', 'МАФИЯ', 0.2, 0.0),
       (15, 8, 'Seezov', 'ДОН', 0.2, 0.0),
       (15, 9, 'Apache', 'МИРНЫЙ', 0.0, 0.0),
       (15, 10, 'Panda', 'МИРНЫЙ', 0.0, 0.0),
       (16, 1, 'Китана', 'МИРНЫЙ', 0.0, 0.0),
       (16, 2, 'Остин', 'ШЕРИФ', 0.0, 0.0),
       (16, 3, 'Seezov', 'МИРНЫЙ', 0.0, 0.0),
       (16, 4, 'Луиза', 'МИРНЫЙ', 0.0, 0.0),
       (16, 5, 'Галушка', 'МИРНЫЙ', 0.0, 0.0),
       (16, 6, 'Rihter', 'МАФИЯ', 0.2, 0.0),
       (16, 7, 'Vamos', 'МАФИЯ', 0.2, 0.0),
       (16, 8, 'Рауль', 'ДОН', 0.2, 0.0),
       (16, 9, 'Apache', 'МИРНЫЙ', 0.0, 0.0),
       (16, 10, 'Panda', 'МИРНЫЙ', 0.0, 0.0),
       (17, 1, 'Panda', 'ШЕРИФ', 0.0, 0.0),
       (17, 2, 'Китобой', 'МИРНЫЙ', 0.0, 0.0),
       (17, 3, 'Рауль', 'МАФИЯ', 0.0, 0.0),
       (17, 4, 'Луиза', 'МИРНЫЙ', 0.4, 0.0),
       (17, 5, 'Галушка', 'МИРНЫЙ', 0.0, 0.0),
       (17, 6, 'Rihter', 'МАФИЯ', 0.0, 0.0),
       (17, 7, 'Modny', 'МИРНЫЙ', 0.2, 0.0),
       (17, 8, 'Vamos', 'ДОН', 0.0, 0.0),
       (17, 9, 'Apache', 'МИРНЫЙ', 0.3, 0.0),
       (17, 10, 'Остин', 'МИРНЫЙ', 0.0, 0.0),
       (18, 1, 'Китобой', 'МИРНЫЙ', 0.0, 0.0),
       (18, 2, 'Луиза', 'ШЕРИФ', 0.4, 0.0),
       (18, 3, 'Рауль', 'МИРНЫЙ', 0.0, 0.0),
       (18, 4, 'Vamos', 'МИРНЫЙ', 0.3, 0.0),
       (18, 5, 'Galant', 'МИРНЫЙ', 0.0, 0.4),
       (18, 6, 'Rihter', 'МАФИЯ', 0.0, 0.0),
       (18, 7, 'Floppy', 'МАФИЯ', 0.0, 0.0),
       (18, 8, 'Seezov', 'ДОН', 0.0, 0.0),
       (18, 9, 'Apache', 'МИРНЫЙ', 0.2, 0.0),
       (18, 10, 'Panda', 'МИРНЫЙ', 0.0, 0.0),
       (19, 1, 'Китана', 'МИРНЫЙ', 0.0, 0.0),
       (19, 2, 'Китобой', 'МИРНЫЙ', 0.0, 0.0),
       (19, 3, 'Рауль', 'МИРНЫЙ', 0.0, 0.0),
       (19, 4, 'Galant', 'МИРНЫЙ', 0.0, 0.0),
       (19, 5, 'Луиза', 'МИРНЫЙ', 0.0, 0.0),
       (19, 6, 'Rihter', 'МАФИЯ', 0.0, 0.0),
       (19, 7, 'Panda', 'ШЕРИФ', 0.2, 0.0),
       (19, 8, 'Vamos', 'ДОН', 0.0, 0.0),
       (19, 9, 'Apache', 'МАФИЯ', 0.0, 0.0),
       (19, 10, 'Floppy', 'МИРНЫЙ', 0.0, 0.4);

INSERT INTO lx (game_id, py, maf1, maf2, maf3)
VALUES (10, 'Apache', 'Китана', 'Panda', 'Floppy'),
       (11, 'Seezov', 'Floppy', 'Китана', 'Луиза'),
       (12, 'Apache', 'Китана', 'Галушка', 'Floppy'),
       (13, 'Panda', 'Apache', 'Луиза', 'Рауль'),
       (14, 'Vamos', 'Галушка', 'Китана', 'Apache'),
       (15, 'Китана', 'Seezov', 'Modny', 'Rihter'),
       (16, 'Panda', 'Китана', 'Луиза', 'Остин'),
       (17, 'Остин', 'Vamos', 'Modny', 'Apache'),
       (18, 'Galant', 'Seezov', 'Rihter', 'Floppy'),
       (19, 'Floppy', 'Apache', 'Vamos', 'Rihter');
